roc_auc,avg_prec,f1,precision,recall
0.8492171352682859,0.9292688648850891,0.8736823298195462,0.8794964028776978,0.8679446219382322
