fold,auc,f1_neg_05,f1_pos_05
1,0.7059553349875931,0.43478260869565216,0.8976377952755905
2,0.892059553349876,0.6153846153846154,0.9193548387096774
3,0.7459677419354839,0.5217391304347826,0.912
4,0.8682795698924731,0.6666666666666666,0.9354838709677419
5,0.9543010752688171,0.75,0.9516129032258065
