fold,auc,macro_f1,f1_neg,f1_pos
1,0.9222222222222222,0.8207792207792208,0.7272727272727273,0.9142857142857143
2,0.7222222222222222,0.8070175438596491,0.6666666666666666,0.9473684210526315
3,0.9166666666666666,0.8472222222222222,0.75,0.9444444444444444
4,0.9861111111111112,0.8181818181818181,0.7272727272727273,0.9090909090909091
5,0.9861111111111112,0.8705882352941177,0.8,0.9411764705882353
